Away,Date,Home,Score
Juventus,18/08/18,Chievo,2-3
Napoli,18/08/18,Lazio,1-2
AS Roma,18/08/19,Torino,0-1
SPAL,18/08/19,Bologna,0-1
Udinese,18/08/19,Parma,2-2
Inter,18/08/19,Sassuolo,1-0
Cagliari,18/08/19,Empoli,2-0
Frosinone,18/08/20,Atalanta,4-0
Fiorentina,18/09/19,Sampdoria,1-1
Genoa,18/10/31,AC Milan,2-1
Lazio,18/08/25,Juventus,2-0
AC Milan,18/08/25,Napoli,3-2
Parma,18/08/26,SPAL,1-0
Sassuolo,18/08/26,Cagliari,2-2
Chievo,18/08/26,Fiorentina,6-1
Empoli,18/08/26,Genoa,2-1
Torino,18/08/26,Inter,2-2
Bologna,18/08/26,Frosinone,0-0
Sampdoria,18/08/26,Udinese,1-0
Atalanta,18/08/27,AS Roma,3-3
AS Roma,18/08/31,AC Milan,2-1
Inter,18/01/09,Bologna,0-3
Juventus,18/01/09,Parma,1-2
Udinese,18/02/09,Fiorentina,1-0
Cagliari,18/02/09,Atalanta,0-1
Empoli,18/02/09,Chievo,0-0
Frosinone,18/02/09,Lazio,1-0
Napoli,18/02/09,Sampdoria,3-0
Genoa,18/02/09,Sassuolo,5-3
SPAL,18/02/09,Torino,1-0
Parma,18/09/15,Inter,0-1
Fiorentina,18/09/15,Napoli,1-0
Sampdoria,18/09/15,Frosinone,0-5
Chievo,18/09/16,AS Roma,2-2
Bologna,18/09/16,Genoa,1-0
Torino,18/09/16,Udinese,1-1
Sassuolo,18/09/16,Juventus,2-1
Lazio,18/09/16,Empoli,0-1
AC Milan,18/09/16,Cagliari,1-1
Atalanta,18/09/17,SPAL,2-0
Empoli,18/09/21,Sassuolo,3-1
Cagliari,18/09/22,Parma,2-0
SPAL,18/09/22,Fiorentina,3-0
Inter,18/09/22,Sampdoria,0-1
Napoli,18/09/23,Torino,1-3
AS Roma,18/09/23,Bologna,2-0
Udinese,18/09/23,Chievo,0-2
Genoa,18/09/23,Lazio,4-1
Atalanta,18/09/23,AC Milan,2-2
Juventus,18/09/23,Frosinone,0-2
Fiorentina,18/09/25,Inter,2-1
Lazio,18/09/26,Udinese,1-2
Torino,18/09/26,Atalanta,0-0
Chievo,18/09/26,Genoa,2-0
Sampdoria,18/09/26,Cagliari,0-0
Parma,18/09/26,Napoli,3-0
Frosinone,18/09/26,AS Roma,4-0
Bologna,18/09/26,Juventus,2-0
Sassuolo,18/09/27,SPAL,0-2
AC Milan,18/09/27,Empoli,1-1
Lazio,18/09/29,AS Roma,3-1
Napoli,18/09/29,Juventus,3-1
Cagliari,18/09/29,Inter,2-0
Udinese,18/09/30,Bologna,2-1
Torino,18/09/30,Chievo,0-1
Atalanta,18/09/30,Fiorentina,2-0
Genoa,18/09/30,Frosinone,1-2
Empoli,18/09/30,Parma,1-0
AC Milan,18/09/30,Sassuolo,1-4
SPAL,18/01/10,Sampdoria,2-1
Frosinone,18/05/10,Torino,3-2
Bologna,18/06/10,Cagliari,2-0
Juventus,18/06/10,Udinese,0-2
AS Roma,18/06/10,Empoli,0-2
Parma,18/07/10,Genoa,1-3
Sampdoria,18/07/10,Atalanta,0-1
Fiorentina,18/07/10,Lazio,1-0
Chievo,18/07/10,AC Milan,3-1
Sassuolo,18/07/10,Napoli,2-0
Inter,18/07/10,SPAL,1-2
SPAL,18/10/20,AS Roma,0-2
Genoa,18/10/20,Juventus,1-1
Napoli,18/10/20,Udinese,0-3
Empoli,18/10/21,Frosinone,3-3
Torino,18/10/21,Bologna,2-2
Atalanta,18/10/21,Chievo,1-5
Lazio,18/10/21,Parma,0-2
Cagliari,18/10/21,Fiorentina,1-1
AC Milan,18/10/21,Inter,1-0
Sassuolo,18/10/22,Sampdoria,0-0
Parma,18/10/27,Atalanta,3-0
Juventus,18/10/27,Empoli,1-2
Fiorentina,18/10/27,Torino,1-1
Bologna,18/10/28,Sassuolo,2-2
Udinese,18/10/28,Genoa,2-2
Chievo,18/10/28,Cagliari,2-1
Frosinone,18/10/28,SPAL,0-3
Sampdoria,18/10/28,AC Milan,3-2
AS Roma,18/10/28,Napoli,1-1
Inter,18/10/29,Lazio,0-3
Empoli,18/02/11,Napoli,5-1
Genoa,18/03/11,Inter,5-0
AS Roma,18/03/11,Fiorentina,1-1
Cagliari,18/03/11,Juventus,3-1
SPAL,18/04/11,Lazio,4-1
Sassuolo,18/04/11,Chievo,0-2
Frosinone,18/04/11,Parma,0-0
Torino,18/04/11,Sampdoria,1-4
Atalanta,18/04/11,Bologna,1-2
AC Milan,18/04/11,Udinese,0-1
Fiorentina,18/09/11,Frosinone,1-1
Parma,18/10/11,Torino,1-2
Cagliari,18/10/11,SPAL,2-2
Napoli,18/10/11,Genoa,1-2
Inter,18/11/11,Atalanta,4-1
Bologna,18/11/11,Chievo,2-2
Sampdoria,18/11/11,AS Roma,4-1
Udinese,18/11/11,Empoli,2-1
Lazio,18/11/11,Sassuolo,1-1
Juventus,18/11/11,AC Milan,0-2
AS Roma,18/11/24,Udinese,1-0
SPAL,18/11/24,Juventus,2-0
Frosinone,18/11/24,Inter,3-0
Sassuolo,18/11/25,Parma,2-1
Fiorentina,18/11/25,Bologna,0-0
Chievo,18/11/25,Napoli,0-0
Atalanta,18/11/25,Empoli,3-2
AC Milan,18/11/25,Lazio,1-1
Sampdoria,18/11/25,Genoa,1-1
Torino,18/11/26,Cagliari,0-0
Empoli,18/01/12,SPAL,2-2
Juventus,18/01/12,Fiorentina,0-3
Bologna,18/01/12,Sampdoria,4-1
Parma,18/02/12,AC Milan,2-1
Udinese,18/02/12,Sassuolo,0-0
Genoa,18/02/12,Torino,2-1
Cagliari,18/02/12,Frosinone,1-1
Lazio,18/02/12,Chievo,1-1
Inter,18/02/12,AS Roma,2-2
Napoli,18/03/12,Atalanta,1-2
Inter,18/07/12,Juventus,1-0
Frosinone,18/08/12,Napoli,4-0
AS Roma,18/08/12,Cagliari,2-2
Sampdoria,18/08/12,Lazio,2-2
Fiorentina,18/09/12,Sassuolo,3-3
Chievo,18/09/12,Parma,1-1
Atalanta,18/09/12,Udinese,1-3
Bologna,18/09/12,Empoli,2-1
SPAL,18/09/12,Genoa,1-1
Torino,18/09/12,AC Milan,0-0
Udinese,18/12/15,Inter,1-0
Juventus,18/12/15,Torino,0-1
Chievo,18/12/16,SPAL,0-0
Parma,18/12/16,Sampdoria,2-0
Empoli,18/12/16,Fiorentina,3-1
Sassuolo,18/12/16,Frosinone,0-2
Napoli,18/12/16,Cagliari,0-1
Genoa,18/12/16,AS Roma,3-2
Lazio,18/12/17,Atalanta,1-0
AC Milan,18/12/18,Bologna,0-0
Cagliari,18/12/22,Lazio,3-1
Atalanta,18/12/22,Genoa,3-1
Fiorentina,18/12/22,AC Milan,0-1
SPAL,18/12/22,Napoli,1-0
Torino,18/12/22,Sassuolo,1-1
Frosinone,18/12/22,Udinese,1-1
Sampdoria,18/12/22,Empoli,2-4
Inter,18/12/22,Chievo,1-1
Bologna,18/12/22,Parma,0-0
AS Roma,18/12/22,Juventus,1-0
AC Milan,18/12/26,Frosinone,0-0
Juventus,18/12/26,Atalanta,2-2
Lazio,18/12/26,Bologna,0-2
Genoa,18/12/26,Cagliari,1-0
Chievo,18/12/26,Sampdoria,2-0
Parma,18/12/26,Fiorentina,0-1
Sassuolo,18/12/26,AS Roma,3-1
Udinese,18/12/26,SPAL,0-0
Empoli,18/12/26,Torino,3-0
Napoli,18/12/26,Inter,1-0
Sampdoria,18/12/29,Juventus,2-1
Fiorentina,18/12/29,Genoa,0-0
Frosinone,18/12/29,Chievo,1-0
Torino,18/12/29,Lazio,1-1
AS Roma,18/12/29,Parma,0-2
Atalanta,18/12/29,Sassuolo,2-6
Cagliari,18/12/29,Udinese,2-0
Inter,18/12/29,Empoli,0-1
Bologna,18/12/29,Napoli,3-2
SPAL,18/12/29,AC Milan,2-1
Torino,19/01/19,AS Roma,3-2
Parma,19/01/19,Udinese,1-2
Sassuolo,19/01/19,Inter,0-0
Atalanta,19/01/20,Frosinone,0-5
Bologna,19/01/20,SPAL,1-1
Sampdoria,19/01/20,Fiorentina,3-3
Empoli,19/01/20,Cagliari,2-2
Lazio,19/01/20,Napoli,2-1
AC Milan,19/01/21,Genoa,0-2
Chievo,19/01/21,Juventus,3-0
Cagliari,19/01/26,Sassuolo,3-0
Udinese,19/01/26,Sampdoria,4-0
Napoli,19/01/26,AC Milan,0-0
Fiorentina,19/01/27,Chievo,3-4
AS Roma,19/01/27,Atalanta,3-3
Frosinone,19/01/27,Bologna,0-4
SPAL,19/01/27,Parma,2-3
Inter,19/01/27,Torino,1-0
Juventus,19/01/27,Lazio,1-2
Genoa,19/01/28,Empoli,1-3
Chievo,19/02/02,Empoli,2-2
Sampdoria,19/02/02,Napoli,3-0
Parma,19/02/02,Juventus,3-3
Torino,19/03/02,SPAL,0-0
Sassuolo,19/03/02,Genoa,1-1
Fiorentina,19/03/02,Udinese,1-1
Bologna,19/03/02,Inter,0-1
AC Milan,19/03/02,AS Roma,1-1
Lazio,19/04/02,Frosinone,0-1
Atalanta,19/04/02,Cagliari,0-1
Empoli,19/07/02,Lazio,1-0
AS Roma,19/08/02,Chievo,0-3
Napoli,19/09/02,Fiorentina,0-0
Inter,19/09/02,Parma,0-1
Genoa,19/10/02,Bologna,1-1
SPAL,19/10/02,Atalanta,2-1
Frosinone,19/10/02,Sampdoria,0-1
Udinese,19/10/02,Torino,1-0
Juventus,19/10/02,Sassuolo,0-3
Cagliari,19/10/02,AC Milan,3-0
Frosinone,19/02/15,Juventus,3-0
Parma,19/02/16,Cagliari,2-1
AC Milan,19/02/16,Atalanta,1-3
Fiorentina,19/02/17,SPAL,1-4
Lazio,19/02/17,Genoa,2-1
Chievo,19/02/17,Udinese,1-0
Sassuolo,19/02/17,Empoli,3-0
Sampdoria,19/02/17,Inter,2-1
Torino,19/02/17,Napoli,0-0
Bologna,19/02/18,AS Roma,2-1
Empoli,19/02/22,AC Milan,3-0
Atalanta,19/02/23,Torino,2-0
AS Roma,19/02/23,Frosinone,2-3
Cagliari,19/02/24,Sampdoria,1-0
Juventus,19/02/24,Bologna,0-1
Genoa,19/02/24,Chievo,0-0
SPAL,19/02/24,Sassuolo,1-1
Napoli,19/02/24,Parma,0-4
Inter,19/02/24,Fiorentina,3-3
Udinese,19/04/17,Lazio,2-0
Inter,19/01/03,Cagliari,2-1
Parma,19/02/03,Empoli,3-3
Sassuolo,19/02/03,AC Milan,1-0
AS Roma,19/02/03,Lazio,3-0
Chievo,19/03/03,Torino,3-0
Frosinone,19/03/03,Genoa,0-0
Sampdoria,19/03/03,SPAL,1-2
Bologna,19/03/03,Udinese,2-1
Fiorentina,19/03/03,Atalanta,3-1
Juventus,19/03/03,Napoli,1-2
Udinese,19/08/03,Juventus,4-1
Genoa,19/09/03,Parma,1-0
AC Milan,19/09/03,Chievo,1-2
Cagliari,19/10/03,Bologna,2-0
SPAL,19/10/03,Inter,2-0
Atalanta,19/10/03,Sampdoria,1-2
Torino,19/10/03,Frosinone,1-2
Napoli,19/10/03,Sassuolo,1-1
Lazio,19/10/03,Fiorentina,1-1
Empoli,19/11/03,AS Roma,2-1
Fiorentina,19/03/15,Cagliari,2-1
Sampdoria,19/03/16,Sassuolo,3-5
AS Roma,19/03/16,SPAL,2-1
Bologna,19/03/16,Torino,2-3
Juventus,19/03/17,Genoa,2-0
Chievo,19/03/17,Atalanta,1-1
Parma,19/03/17,Lazio,4-1
Frosinone,19/03/17,Empoli,2-1
Udinese,19/03/17,Napoli,4-2
Inter,19/03/17,AC Milan,2-3
Cagliari,19/03/29,Chievo,0-3
Genoa,19/03/30,Udinese,2-0
Empoli,19/03/30,Juventus,1-0
AC Milan,19/03/30,Sampdoria,1-0
Atalanta,19/03/31,Parma,1-3
Napoli,19/03/31,AS Roma,1-4
Torino,19/03/31,Fiorentina,1-1
SPAL,19/03/31,Frosinone,0-1
Sassuolo,19/03/31,Bologna,2-1
Lazio,19/03/31,Inter,0-1
Udinese,19/02/04,AC Milan,1-1
Juventus,19/02/04,Cagliari,0-2
Napoli,19/03/04,Empoli,2-1
Inter,19/03/04,Genoa,0-4
Fiorentina,19/03/04,AS Roma,2-2
Lazio,19/03/04,SPAL,1-0
Sampdoria,19/03/04,Torino,2-1
Parma,19/03/04,Frosinone,3-2
Chievo,19/04/04,Sassuolo,4-0
Bologna,19/04/04,Atalanta,4-1
Torino,19/06/04,Parma,0-0
AC Milan,19/06/04,Juventus,2-1
AS Roma,19/06/04,Sampdoria,0-1
Frosinone,19/07/04,Fiorentina,0-1
SPAL,19/07/04,Cagliari,2-1
Empoli,19/07/04,Udinese,3-2
Atalanta,19/07/04,Inter,0-0
Sassuolo,19/07/04,Lazio,2-2
Genoa,19/07/04,Napoli,1-1
Chievo,19/08/04,Bologna,3-0
Juventus,19/04/13,SPAL,2-1
Udinese,19/04/13,AS Roma,1-0
Lazio,19/04/13,AC Milan,1-0
Cagliari,19/04/14,Torino,1-1
Genoa,19/04/14,Sampdoria,2-0
Parma,19/04/14,Sassuolo,0-0
Bologna,19/04/14,Fiorentina,0-0
Napoli,19/04/14,Chievo,1-3
Inter,19/04/14,Frosinone,1-3
Empoli,19/04/15,Atalanta,0-0
AC Milan,19/04/20,Parma,1-1
Sampdoria,19/04/20,Bologna,3-0
Torino,19/04/20,Genoa,0-1
Frosinone,19/04/20,Cagliari,1-0
Chievo,19/04/20,Lazio,1-2
Sassuolo,19/04/20,Udinese,1-1
SPAL,19/04/20,Empoli,2-4
Fiorentina,19/04/20,Juventus,2-1
AS Roma,19/04/20,Inter,1-1
Atalanta,19/04/22,Napoli,1-2
Empoli,19/04/27,Bologna,3-1
Cagliari,19/04/27,AS Roma,3-0
Juventus,19/04/27,Inter,1-1
Napoli,19/04/28,Frosinone,0-2
Parma,19/04/28,Chievo,1-1
Genoa,19/04/28,SPAL,1-1
Lazio,19/04/28,Sampdoria,1-2
AC Milan,19/04/28,Torino,2-0
Udinese,19/04/29,Atalanta,2-0
Sassuolo,19/04/29,Fiorentina,0-1
Torino,19/03/05,Juventus,1-1
SPAL,19/04/05,Chievo,0-4
Inter,19/04/05,Udinese,0-0
Fiorentina,19/05/05,Empoli,1-0
Atalanta,19/05/05,Lazio,1-3
Sampdoria,19/05/05,Parma,3-3
Frosinone,19/05/05,Sassuolo,2-2
AS Roma,19/05/05,Genoa,1-1
Cagliari,19/05/05,Napoli,2-1
Bologna,19/06/05,AC Milan,2-1
Genoa,19/11/05,Atalanta,2-1
Lazio,19/11/05,Cagliari,1-2
AC Milan,19/11/05,Fiorentina,0-1
Sassuolo,19/12/05,Torino,3-2
Empoli,19/12/05,Sampdoria,1-2
Udinese,19/12/05,Frosinone,1-3
Napoli,19/12/05,SPAL,1-2
Juventus,19/12/05,AS Roma,2-0
Parma,19/05/13,Bologna,4-1
Chievo,19/05/13,Inter,2-0
SPAL,19/05/18,Udinese,3-2
Cagliari,19/05/18,Genoa,1-1
AS Roma,19/05/18,Sassuolo,0-0
Sampdoria,19/05/19,Chievo,0-0
Fiorentina,19/05/19,Parma,1-0
Torino,19/05/19,Empoli,4-1
Frosinone,19/05/19,AC Milan,2-0
Inter,19/05/19,Napoli,4-1
Atalanta,19/05/19,Juventus,1-1
Bologna,19/05/20,Lazio,3-3
Chievo,19/05/25,Frosinone,0-0
Napoli,19/05/25,Bologna,3-2
Lazio,19/05/26,Torino,3-1
Juventus,19/05/26,Sampdoria,2-0
Sassuolo,19/05/26,Atalanta,3-1
Empoli,19/05/26,Inter,2-1
Udinese,19/05/26,Cagliari,1-2
Parma,19/05/26,AS Roma,2-1
AC Milan,19/05/26,SPAL,2-3
Genoa,19/05/26,Fiorentina,0-0
Juventus,19/08/24,Parma,0-1
Napoli,19/08/24,Fiorentina,3-4
AC Milan,19/08/25,Udinese,1-0
Bologna,19/08/25,Verona,1-1
Brescia,19/08/25,Cagliari,0-1
Genoa,19/08/25,AS Roma,3-3
Lazio,19/08/25,Sampdoria,0-3
Atalanta,19/08/25,SPAL,2-3
Sassuolo,19/08/25,Torino,2-1
Lecce,19/08/26,Inter,4-0
SPAL,19/08/30,Bologna,1-0
Brescia,19/08/31,AC Milan,1-0
Napoli,19/08/31,Juventus,4-3
AS Roma,19/01/09,Lazio,1-1
Torino,19/01/09,Atalanta,2-3
Fiorentina,19/01/09,Genoa,2-1
Inter,19/01/09,Cagliari,1-2
Verona,19/01/09,Lecce,0-1
Sampdoria,19/01/09,Sassuolo,4-1
Parma,19/01/09,Udinese,1-3
Juventus,19/09/14,Fiorentina,0-0
Sampdoria,19/09/14,Napoli,2-0
Udinese,19/09/14,Inter,1-0
Atalanta,19/09/15,Genoa,1-2
Bologna,19/09/15,Brescia,3-4
Cagliari,19/09/15,Parma,1-3
Lazio,19/09/15,SPAL,2-1
Sassuolo,19/09/15,AS Roma,4-2
AC Milan,19/09/15,Verona,0-1
Lecce,19/09/16,Torino,1-2
Genoa,19/09/20,Cagliari,3-1
Brescia,19/09/21,Udinese,0-1
Verona,19/09/21,Juventus,2-1
Inter,19/09/21,AC Milan,0-2
SPAL,19/09/22,Sassuolo,3-0
AS Roma,19/09/22,Bologna,1-2
Napoli,19/09/22,Lecce,1-4
Torino,19/09/22,Sampdoria,1-0
Fiorentina,19/09/22,Atalanta,2-2
Parma,19/09/22,Lazio,2-0
Udinese,19/09/24,Verona,0-0
Juventus,19/09/24,Brescia,1-2
Atalanta,19/09/25,AS Roma,0-2
Bologna,19/09/25,Genoa,0-0
Lazio,19/09/25,Inter,1-0
Cagliari,19/09/25,Napoli,0-1
Sassuolo,19/09/25,Parma,1-0
Lecce,19/09/25,SPAL,1-3
Sampdoria,19/09/25,Fiorentina,2-1
AC Milan,19/09/26,Torino,2-1
SPAL,19/09/28,Juventus,2-0
Inter,19/09/28,Sampdoria,1-3
Atalanta,19/09/28,Sassuolo,1-4
Brescia,19/09/29,Napoli,2-1
Genoa,19/09/29,Lazio,4-0
AS Roma,19/09/29,Lecce,0-1
Bologna,19/09/29,Udinese,1-0
Verona,19/09/29,Cagliari,1-1
Fiorentina,19/09/29,AC Milan,1-3
Torino,19/09/30,Parma,3-2
Parma,19/05/10,SPAL,1-0
Sampdoria,19/05/10,Verona,2-0
AC Milan,19/05/10,Genoa,1-2
Udinese,19/06/10,Fiorentina,1-0
Lecce,19/06/10,Atalanta,3-1
Lazio,19/06/10,Bologna,2-2
Cagliari,19/06/10,AS Roma,1-1
Napoli,19/06/10,Torino,0-0
Juventus,19/06/10,Inter,1-2
Sassuolo,19/12/18,Brescia,0-2
Atalanta,19/10/19,Lazio,3-3
Verona,19/10/19,Napoli,2-0
Bologna,19/10/19,Juventus,2-1
Inter,19/10/20,Sassuolo,3-4
SPAL,19/10/20,Cagliari,2-0
AS Roma,19/10/20,Sampdoria,0-0
Torino,19/10/20,Udinese,1-0
Genoa,19/10/20,Parma,5-1
Lecce,19/10/20,AC Milan,2-2
Fiorentina,19/10/21,Brescia,0-0
Sassuolo,19/10/25,Verona,0-1
Juventus,19/10/26,Lecce,1-1
Parma,19/10/26,Inter,2-2
Brescia,19/10/26,Genoa,3-1
Sampdoria,19/10/27,Bologna,2-1
Udinese,19/10/27,Atalanta,7-1
Napoli,19/10/27,SPAL,1-1
Cagliari,19/10/27,Torino,1-1
AC Milan,19/10/27,AS Roma,2-1
Lazio,19/10/27,Fiorentina,1-2
Verona,19/10/29,Parma,0-1
Inter,19/10/29,Brescia,1-2
Atalanta,19/10/30,Napoli,2-2
Bologna,19/10/30,Cagliari,3-2
Torino,19/10/30,Lazio,4-0
Lecce,19/10/30,Sampdoria,1-1
Fiorentina,19/10/30,Sassuolo,1-2
AS Roma,19/10/30,Udinese,0-4
Genoa,19/10/30,Juventus,2-1
SPAL,19/10/31,AC Milan,1-0
Napoli,19/02/11,AS Roma,2-1
Inter,19/02/11,Bologna,1-2
Juventus,19/02/11,Torino,0-1
Cagliari,19/03/11,Atalanta,0-2
Brescia,19/03/11,Verona,2-1
Udinese,19/03/11,Genoa,1-3
Sassuolo,19/03/11,Lecce,2-2
Parma,19/03/11,Fiorentina,1-1
Lazio,19/03/11,AC Milan,1-2
Sampdoria,19/04/11,SPAL,0-1
Bologna,19/08/11,Sassuolo,3-1
Torino,19/09/11,Brescia,0-4
Verona,19/09/11,Inter,2-1
Genoa,19/09/11,Napoli,0-0
Fiorentina,19/10/11,Cagliari,5-2
Lecce,19/10/11,Lazio,4-2
Atalanta,19/10/11,Sampdoria,0-0
SPAL,19/10/11,Udinese,0-0
AS Roma,19/10/11,Parma,2-0
AC Milan,19/10/11,Juventus,1-0
Juventus,19/11/23,Atalanta,1-3
Napoli,19/11/23,AC Milan,1-1
Inter,19/11/23,Torino,0-3
Parma,19/11/24,Bologna,2-2
Fiorentina,19/11/24,Verona,1-0
Brescia,19/11/24,AS Roma,3-0
Lazio,19/11/24,Sassuolo,1-2
Udinese,19/11/24,Sampdoria,2-1
Cagliari,19/11/25,Lecce,2-2
Genoa,19/11/25,SPAL,1-1
Atalanta,19/11/30,Brescia,0-3
Torino,19/11/30,Genoa,0-1
Lecce,19/11/30,Fiorentina,0-1
Sassuolo,19/01/12,Juventus,2-2
SPAL,19/01/12,Inter,2-1
Udinese,19/01/12,Lazio,3-0
AC Milan,19/01/12,Parma,0-1
Bologna,19/01/12,Napoli,1-2
AS Roma,19/01/12,Verona,1-3
Sampdoria,19/02/12,Cagliari,4-3
AS Roma,19/06/12,Inter,0-0
Verona,19/07/12,Atalanta,3-2
Napoli,19/07/12,Udinese,1-1
Juventus,19/07/12,Lazio,3-1
Genoa,19/08/12,Lecce,2-2
Cagliari,19/08/12,Sassuolo,2-2
Brescia,19/08/12,SPAL,0-1
Fiorentina,19/08/12,Torino,2-1
Parma,19/08/12,Sampdoria,0-1
AC Milan,19/08/12,Bologna,2-3
Lecce,19/12/14,Brescia,3-0
Parma,19/12/14,Napoli,1-2
Sampdoria,19/12/14,Genoa,0-1
Torino,19/12/15,Verona,3-3
Atalanta,19/12/15,Bologna,2-1
Sassuolo,19/12/15,AC Milan,0-0
Udinese,19/12/15,Juventus,3-1
SPAL,19/12/15,AS Roma,3-1
Inter,19/12/15,Fiorentina,1-1
Lazio,19/12/16,Cagliari,1-2
Juventus,19/12/18,Sampdoria,1-2
AS Roma,19/12/20,Fiorentina,1-4
Cagliari,19/12/21,Udinese,2-1
Genoa,19/12/21,Inter,4-0
SPAL,19/12/21,Torino,1-2
AC Milan,19/12/22,Atalanta,5-0
Bologna,19/12/22,Lecce,2-3
Brescia,19/12/22,Parma,1-1
Napoli,19/12/22,Sassuolo,1-2
Verona,20/05/02,Lazio,0-0
Lazio,20/05/01,Brescia,1-2
Verona,20/05/01,SPAL,0-2
Sassuolo,20/05/01,Genoa,2-1
Torino,20/05/01,AS Roma,0-2
Fiorentina,20/06/01,Bologna,1-1
Parma,20/06/01,Atalanta,5-0
Sampdoria,20/06/01,AC Milan,0-0
Cagliari,20/06/01,Juventus,4-0
Udinese,20/06/01,Lecce,0-1
Inter,20/06/01,Napoli,1-3
AC Milan,20/11/01,Cagliari,0-2
Napoli,20/11/01,Lazio,1-0
Atalanta,20/11/01,Inter,1-1
Sassuolo,20/12/01,Udinese,3-0
Brescia,20/12/01,Sampdoria,5-1
Bologna,20/12/01,Torino,1-0
SPAL,20/12/01,Fiorentina,1-0
Genoa,20/12/01,Verona,2-1
Juventus,20/12/01,AS Roma,1-2
Lecce,20/01/13,Parma,2-0
Sampdoria,20/01/18,Lazio,5-1
Torino,20/01/18,Sassuolo,2-1
Fiorentina,20/01/18,Napoli,0-2
Udinese,20/01/19,AC Milan,3-2
Verona,20/01/19,Bologna,1-1
Cagliari,20/01/19,Brescia,2-2
Inter,20/01/19,Lecce,1-1
AS Roma,20/01/19,Genoa,1-3
Parma,20/01/19,Juventus,2-1
SPAL,20/01/20,Atalanta,1-2
AC Milan,20/01/24,Brescia,0-1
Bologna,20/01/25,SPAL,1-3
Genoa,20/01/25,Fiorentina,0-0
Atalanta,20/01/25,Torino,0-7
Cagliari,20/01/26,Inter,1-1
Lecce,20/01/26,Verona,3-0
Udinese,20/01/26,Parma,2-0
Sassuolo,20/01/26,Sampdoria,0-0
Lazio,20/01/26,AS Roma,1-1
Juventus,20/01/26,Napoli,2-1
Brescia,20/01/02,Bologna,2-1
Parma,20/01/02,Cagliari,2-2
AS Roma,20/01/02,Sassuolo,4-2
Fiorentina,20/02/02,Juventus,3-0
Genoa,20/02/02,Atalanta,2-2
SPAL,20/02/02,Lazio,5-1
Verona,20/02/02,AC Milan,1-1
Torino,20/02/02,Lecce,4-0
Inter,20/02/02,Udinese,0-2
Napoli,20/03/02,Sampdoria,2-4
Bologna,20/07/02,AS Roma,2-3
Atalanta,20/08/02,Fiorentina,1-2
Sampdoria,20/08/02,Torino,1-3
Juventus,20/08/02,Verona,2-1
Sassuolo,20/09/02,SPAL,1-2
Udinese,20/09/02,Brescia,1-1
Cagliari,20/09/02,Genoa,1-0
Lecce,20/09/02,Napoli,2-3
Lazio,20/09/02,Parma,0-1
AC Milan,20/09/02,Inter,4-2
SPAL,20/02/15,Lecce,2-1
Genoa,20/02/15,Bologna,0-3
AS Roma,20/02/15,Atalanta,2-1
Verona,20/02/16,Udinese,0-0
Fiorentina,20/02/16,Sampdoria,1-5
Parma,20/02/16,Sassuolo,0-1
Brescia,20/02/16,Juventus,2-0
Napoli,20/02/16,Cagliari,0-1
Inter,20/02/16,Lazio,2-1
Torino,20/02/17,AC Milan,1-0
Napoli,20/02/21,Brescia,1-2
Udinese,20/02/22,Bologna,1-1
Juventus,20/02/22,SPAL,1-2
AC Milan,20/02/22,Fiorentina,1-1
Lazio,20/02/23,Genoa,2-3
Lecce,20/02/23,AS Roma,4-0
Parma,20/06/20,Torino,1-1
Cagliari,20/06/20,Verona,2-1
Sassuolo,20/06/21,Atalanta,4-1
Sampdoria,20/06/21,Inter,2-1
Bologna,20/02/29,Lazio,2-0
Torino,20/02/29,Napoli,2-1
Atalanta,20/01/03,Lecce,2-7
AS Roma,20/01/03,Cagliari,3-4
SPAL,20/08/03,Parma,0-1
Genoa,20/08/03,AC Milan,1-2
Verona,20/08/03,Sampdoria,2-1
Fiorentina,20/08/03,Udinese,0-0
Inter,20/08/03,Juventus,2-0
Brescia,20/09/03,Sassuolo,3-0
AC Milan,20/06/22,Lecce,1-4
Brescia,20/06/22,Fiorentina,1-1
Juventus,20/06/22,Bologna,0-2
Napoli,20/06/23,Verona,0-2
Cagliari,20/06/23,SPAL,0-1
Parma,20/06/23,Genoa,1-4
Udinese,20/06/23,Torino,1-0
Sassuolo,20/06/24,Inter,3-3
Lazio,20/06/24,Atalanta,3-2
Sampdoria,20/06/24,AS Roma,2-1
Lecce,20/06/26,Juventus,4-0
Genoa,20/06/27,Brescia,2-2
Torino,20/06/27,Cagliari,4-2
Fiorentina,20/06/27,Lazio,2-1
AS Roma,20/06/28,AC Milan,2-0
SPAL,20/06/28,Napoli,3-1
Bologna,20/06/28,Sampdoria,1-2
Verona,20/06/28,Sassuolo,3-3
Atalanta,20/06/28,Udinese,2-3
Inter,20/06/28,Parma,1-2
Lazio,20/06/30,Torino,1-2
Juventus,20/06/30,Genoa,1-3
Cagliari,20/01/07,Bologna,1-1
Brescia,20/01/07,Inter,6-0
Parma,20/01/07,Verona,3-2
Sampdoria,20/01/07,Lecce,1-2
AC Milan,20/01/07,SPAL,2-2
Sassuolo,20/01/07,Fiorentina,1-3
Napoli,20/02/07,Atalanta,2-0
Udinese,20/02/07,AS Roma,0-2
Torino,20/04/07,Juventus,4-1
Lecce,20/04/07,Sassuolo,4-2
AC Milan,20/04/07,Lazio,0-3
Bologna,20/05/07,Inter,1-2
Verona,20/05/07,Brescia,2-0
Atalanta,20/05/07,Cagliari,0-1
Fiorentina,20/05/07,Parma,1-2
SPAL,20/05/07,Sampdoria,3-0
Genoa,20/05/07,Udinese,2-2
AS Roma,20/05/07,Napoli,2-1
Lazio,20/07/07,Lecce,2-1
Juventus,20/07/07,AC Milan,4-2
Napoli,20/08/07,Genoa,1-2
Cagliari,20/08/07,Fiorentina,0-0
Sampdoria,20/08/07,Atalanta,2-0
Sassuolo,20/08/07,Bologna,1-2
Parma,20/08/07,AS Roma,2-1
Brescia,20/08/07,Torino,3-1
Udinese,20/09/07,SPAL,0-3
Inter,20/09/07,Verona,2-2
Sassuolo,20/11/07,Lazio,1-2
AS Roma,20/11/07,Brescia,0-3
Atalanta,20/11/07,Juventus,2-2
SPAL,20/12/07,Genoa,2-0
Lecce,20/12/07,Cagliari,0-0
Bologna,20/12/07,Parma,2-2
Sampdoria,20/12/07,Udinese,1-3
Verona,20/12/07,Fiorentina,1-1
AC Milan,20/12/07,Napoli,2-2
Torino,20/07/13,Inter,3-1
Brescia,20/07/14,Atalanta,6-2
Napoli,20/07/15,Bologna,1-1
Parma,20/07/15,AC Milan,3-1
Cagliari,20/07/15,Sampdoria,3-0
Fiorentina,20/07/15,Lecce,1-3
Verona,20/07/15,AS Roma,2-1
Juventus,20/07/15,Sassuolo,3-3
Lazio,20/07/15,Udinese,0-0
Genoa,20/07/16,Torino,3-0
Inter,20/07/16,SPAL,0-4
Atalanta,20/07/18,Verona,1-1
Sassuolo,20/07/18,Cagliari,1-1
Bologna,20/07/18,AC Milan,5-1
Sampdoria,20/07/19,Parma,2-3
SPAL,20/07/19,Brescia,2-1
Lecce,20/07/19,Genoa,2-1
Udinese,20/07/19,Napoli,2-1
Torino,20/07/19,Fiorentina,2-0
Inter,20/07/19,AS Roma,2-2
Lazio,20/07/20,Juventus,2-1
Bologna,20/07/21,Atalanta,1-0
AC Milan,20/07/21,Sassuolo,1-2
Napoli,20/07/22,Parma,2-1
Fiorentina,20/07/22,Inter,0-0
Brescia,20/07/22,Lecce,3-1
Genoa,20/07/22,Sampdoria,1-2
AS Roma,20/07/22,SPAL,1-6
Verona,20/07/22,Torino,1-1
Juventus,20/07/23,Udinese,2-1
Cagliari,20/07/23,Lazio,2-1
Atalanta,20/07/24,AC Milan,1-1
Parma,20/07/25,Brescia,1-2
Inter,20/07/25,Genoa,0-3
Sassuolo,20/07/25,Napoli,2-0
Lecce,20/07/26,Bologna,3-2
Lazio,20/07/26,Verona,1-5
Udinese,20/07/26,Cagliari,0-1
Fiorentina,20/07/26,AS Roma,2-1
Torino,20/07/26,SPAL,1-1
Sampdoria,20/07/26,Juventus,2-0
Atalanta,20/07/28,Parma,1-2
Napoli,20/07/28,Inter,2-0
SPAL,20/07/29,Verona,3-0
Brescia,20/07/29,Lazio,2-0
AC Milan,20/07/29,Sampdoria,1-4
Genoa,20/07/29,Sassuolo,5-0
Lecce,20/07/29,Udinese,1-2
Juventus,20/07/29,Cagliari,2-0
AS Roma,20/07/29,Torino,2-3
Bologna,20/07/29,Fiorentina,4-0
Sampdoria,20/01/08,Brescia,1-1
Inter,20/01/08,Atalanta,0-2
Cagliari,20/01/08,AC Milan,3-0
Lazio,20/01/08,Napoli,3-1
AS Roma,20/01/08,Juventus,1-3
Fiorentina,20/02/08,SPAL,1-3
Torino,20/02/08,Bologna,1-1
Verona,20/02/08,Genoa,3-0
Parma,20/02/08,Lecce,3-4
Udinese,20/02/08,Sassuolo,0-1
Torino,20/09/19,Fiorentina,1-0
AS Roma,20/09/19,Verona,0-0
Napoli,20/09/20,Parma,0-2
Crotone,20/09/20,Genoa,4-1
Cagliari,20/09/20,Sassuolo,1-1
Sampdoria,20/09/20,Juventus,3-0
Bologna,20/09/21,AC Milan,2-0
Inter,20/09/30,Benevento,2-5
Spezia,20/09/30,Udinese,0-2
Atalanta,20/09/30,Lazio,1-4
Atalanta,20/09/26,Torino,2-4
Lazio,20/09/26,Cagliari,0-2
Benevento,20/09/26,Sampdoria,2-3
Fiorentina,20/09/26,Inter,4-3
Sassuolo,20/09/27,Spezia,1-4
Udinese,20/09/27,Verona,1-0
Genoa,20/09/27,Napoli,6-0
AC Milan,20/09/27,Crotone,0-2
Juventus,20/09/27,AS Roma,2-2
Parma,20/09/28,Bologna,4-1
Sampdoria,20/02/10,Fiorentina,1-2
Crotone,20/03/10,Sassuolo,4-1
AS Roma,20/03/10,Udinese,0-1
Cagliari,20/04/10,Atalanta,5-2
Bologna,20/04/10,Benevento,1-0
Inter,20/04/10,Lazio,1-1
Verona,20/04/10,Parma,1-0
Spezia,20/04/10,AC Milan,3-0
Torino,20/04/11,Genoa,1-2
Napoli,21/07/04,Juventus,2-1
Atalanta,20/10/17,Napoli,4-1
AC Milan,20/10/17,Inter,1-2
Lazio,20/10/17,Sampdoria,3-0
Juventus,20/10/17,Crotone,1-1
Sassuolo,20/10/18,Bologna,3-4
Fiorentina,20/10/18,Spezia,2-2
Cagliari,20/10/18,Torino,2-3
Parma,20/10/18,Udinese,3-2
Benevento,20/10/18,AS Roma,5-2
Genoa,20/10/19,Verona,0-0
Torino,20/10/23,Sassuolo,3-3
Sampdoria,20/10/24,Atalanta,1-3
Inter,20/10/24,Genoa,0-2
Bologna,20/10/24,Lazio,2-1
Crotone,20/10/25,Cagliari,4-2
Napoli,20/10/25,Benevento,1-2
Spezia,20/10/25,Parma,2-2
Udinese,20/10/25,Fiorentina,3-2
Verona,20/10/25,Juventus,1-1
AS Roma,20/10/26,AC Milan,3-3
Atalanta,20/10/31,Crotone,1-2
Parma,20/10/31,Inter,2-2
Cagliari,20/10/31,Bologna,3-2
AC Milan,20/01/11,Udinese,1-2
Juventus,20/01/11,Spezia,1-4
Lazio,20/01/11,Torino,3-4
Sassuolo,20/01/11,Napoli,0-2
Fiorentina,20/01/11,AS Roma,2-0
Genoa,20/01/11,Sampdoria,1-1
Benevento,20/02/11,Verona,3-1
Udinese,20/06/11,Sassuolo,0-0
Sampdoria,20/07/11,Cagliari,2-0
Spezia,20/07/11,Benevento,0-3
Fiorentina,20/07/11,Parma,0-0
Juventus,20/08/11,Lazio,1-1
Inter,20/08/11,Atalanta,1-1
AS Roma,20/08/11,Genoa,1-3
Crotone,20/08/11,Torino,0-0
Napoli,20/08/11,Bologna,0-1
Verona,20/08/11,AC Milan,2-2
Lazio,20/11/21,Crotone,0-2
Atalanta,20/11/21,Spezia,0-0
Cagliari,20/11/21,Juventus,2-0
Benevento,20/11/22,Fiorentina,0-1
Sassuolo,20/11/22,Verona,0-2
Torino,20/11/22,Inter,4-2
Parma,20/11/22,AS Roma,3-0
Bologna,20/11/22,Sampdoria,1-2
Genoa,20/11/22,Udinese,1-0
AC Milan,20/11/22,Napoli,1-3
Inter,20/11/28,Sassuolo,0-3
Juventus,20/11/28,Benevento,1-1
Verona,20/11/28,Atalanta,0-2
Udinese,20/11/29,Lazio,1-3
Crotone,20/11/29,Bologna,1-0
Fiorentina,20/11/29,AC Milan,2-0
Spezia,20/11/29,Cagliari,2-2
AS Roma,20/11/29,Napoli,4-0
Sampdoria,20/11/30,Torino,2-2
Parma,20/11/30,Genoa,1-2
Lazio,20/05/12,Spezia,1-2
Torino,20/05/12,Juventus,2-1
Bologna,20/05/12,Inter,3-1
Cagliari,20/06/12,Verona,1-1
Benevento,20/06/12,Parma,0-0
Sassuolo,20/06/12,AS Roma,0-0
Napoli,20/06/12,Crotone,0-4
AC Milan,20/06/12,Sampdoria,1-2
Genoa,20/07/12,Fiorentina,1-1
Atalanta,21/01/20,Udinese,1-1
Benevento,20/11/12,Sassuolo,1-0
Spezia,20/12/12,Crotone,4-1
Udinese,20/12/12,Torino,2-3
Verona,20/12/12,Lazio,1-2
Inter,20/12/13,Cagliari,1-3
Fiorentina,20/12/13,Atalanta,3-0
AS Roma,20/12/13,Bologna,1-5
Sampdoria,20/12/13,Napoli,2-1
Juventus,20/12/13,Genoa,1-3
Parma,20/12/13,AC Milan,2-2
Crotone,20/12/15,Udinese,0-0
Lazio,20/12/15,Benevento,1-1
Atalanta,20/12/16,Juventus,1-1
Sampdoria,20/12/16,Verona,1-2
AC Milan,20/12/16,Genoa,2-2
Napoli,20/12/16,Inter,1-0
Cagliari,20/12/16,Parma,0-0
Bologna,20/12/16,Spezia,2-2
Sassuolo,20/12/16,Fiorentina,1-1
Torino,20/12/17,AS Roma,3-1
Verona,20/12/19,Fiorentina,1-1
Crotone,20/12/19,Sampdoria,3-1
Juventus,20/12/19,Parma,0-4
Bologna,20/12/20,Torino,1-1
Genoa,20/12/20,Benevento,2-0
Spezia,20/12/20,Inter,2-1
Udinese,20/12/20,Cagliari,1-1
AC Milan,20/12/20,Sassuolo,1-2
AS Roma,20/12/20,Atalanta,4-1
Napoli,20/12/20,Lazio,2-0
Parma,20/12/22,Crotone,2-1
Fiorentina,20/12/22,Juventus,0-3
Inter,20/12/23,Verona,1-2
Atalanta,20/12/23,Bologna,2-2
Lazio,20/12/23,AC Milan,3-2
Torino,20/12/23,Napoli,1-1
Cagliari,20/12/23,AS Roma,3-2
Sassuolo,20/12/23,Sampdoria,2-3
Genoa,20/12/23,Spezia,1-2
Benevento,20/12/23,Udinese,0-2
Crotone,21/03/01,Inter,6-2
Sassuolo,21/03/01,Atalanta,5-1
Lazio,21/03/01,Genoa,1-1
Napoli,21/03/01,Cagliari,1-4
Torino,21/03/01,Parma,0-3
Sampdoria,21/03/01,AS Roma,1-0
Verona,21/03/01,Spezia,0-1
Bologna,21/03/01,Fiorentina,0-0
AC Milan,21/03/01,Benevento,0-2
Udinese,21/03/01,Juventus,4-1
Benevento,21/06/01,Cagliari,1-2
Parma,21/06/01,Atalanta,3-0
Udinese,21/06/01,Bologna,2-2
AS Roma,21/06/01,Crotone,1-3
Fiorentina,21/06/01,Lazio,2-1
Inter,21/06/01,Sampdoria,2-1
Genoa,21/06/01,Sassuolo,2-1
Verona,21/06/01,Torino,1-1
Spezia,21/06/01,Napoli,1-2
Juventus,21/06/01,AC Milan,1-3
Atalanta,21/09/01,Benevento,1-4
Bologna,21/09/01,Genoa,2-0
Torino,21/09/01,AC Milan,2-0
Inter,21/10/01,AS Roma,2-2
Crotone,21/10/01,Verona,2-1
Lazio,21/10/01,Parma,0-2
Napoli,21/10/01,Udinese,1-2
Cagliari,21/10/01,Fiorentina,1-0
Sassuolo,21/10/01,Juventus,3-1
Sampdoria,21/11/01,Spezia,2-1
AS Roma,21/01/15,Lazio,3-0
Verona,21/01/16,Bologna,1-0
Spezia,21/01/16,Torino,0-0
Udinese,21/01/16,Sampdoria,2-1
Fiorentina,21/01/17,Napoli,6-0
Benevento,21/01/17,Crotone,4-1
Parma,21/01/17,Sassuolo,1-1
Genoa,21/01/17,Atalanta,0-0
Juventus,21/01/17,Inter,2-0
AC Milan,21/01/18,Cagliari,0-2
Torino,21/01/22,Benevento,2-2
Spezia,21/01/23,AS Roma,4-3
Atalanta,21/01/23,AC Milan,0-3
Inter,21/01/23,Udinese,0-0
Crotone,21/01/23,Fiorentina,2-1
Bologna,21/01/24,Juventus,2-0
Napoli,21/01/24,Verona,3-1
Cagliari,21/01/24,Genoa,1-0
Sassuolo,21/01/24,Lazio,2-1
Sampdoria,21/01/24,Parma,0-2
Fiorentina,21/01/29,Torino,1-1
AC Milan,21/01/30,Bologna,1-2
Juventus,21/01/30,Sampdoria,0-2
Benevento,21/01/30,Inter,4-0
Udinese,21/01/31,Spezia,0-1
Lazio,21/01/31,Atalanta,1-3
Sassuolo,21/01/31,Cagliari,1-1
Genoa,21/01/31,Crotone,0-3
Parma,21/01/31,Napoli,2-0
Verona,21/01/31,AS Roma,3-1
Inter,21/05/02,Fiorentina,0-2
Torino,21/06/02,Atalanta,3-3
Spezia,21/06/02,Sassuolo,1-2
AS Roma,21/06/02,Juventus,2-0
Napoli,21/06/02,Genoa,2-1
Sampdoria,21/07/02,Benevento,1-1
Crotone,21/07/02,AC Milan,4-0
Verona,21/07/02,Udinese,2-0
Bologna,21/07/02,Parma,0-3
Cagliari,21/07/02,Lazio,1-0
Benevento,21/12/02,Bologna,1-1
Genoa,21/02/13,Torino,0-0
Juventus,21/02/13,Napoli,1-0
AC Milan,21/02/13,Spezia,2-0
Udinese,21/02/14,AS Roma,3-0
Atalanta,21/02/14,Cagliari,0-1
Fiorentina,21/02/14,Sampdoria,2-1
Sassuolo,21/02/14,Crotone,1-2
Lazio,21/02/14,Inter,3-1
Parma,21/02/15,Verona,2-1
Spezia,21/02/19,Fiorentina,3-0
Torino,21/02/19,Cagliari,0-1
Sampdoria,21/02/20,Lazio,1-0
Verona,21/02/20,Genoa,2-2
Bologna,21/02/20,Sassuolo,1-1
Udinese,21/02/21,Parma,2-2
Inter,21/02/21,AC Milan,0-3
Napoli,21/02/21,Atalanta,4-2
AS Roma,21/02/21,Benevento,0-0
Crotone,21/02/22,Juventus,3-0
Parma,21/02/27,Spezia,2-2
Lazio,21/02/27,Bologna,2-0
Juventus,21/02/27,Verona,1-1
Atalanta,21/02/28,Sampdoria,0-2
Genoa,21/02/28,Inter,3-0
Cagliari,21/02/28,Crotone,0-2
Fiorentina,21/02/28,Udinese,1-0
Benevento,21/02/28,Napoli,2-0
AC Milan,21/02/28,AS Roma,1-2
Sassuolo,21/03/17,Torino,3-2
Spezia,21/02/03,Juventus,3-0
Napoli,21/03/03,Sassuolo,3-3
Crotone,21/03/03,Atalanta,5-1
Verona,21/03/03,Benevento,0-3
Sampdoria,21/03/03,Genoa,1-1
Bologna,21/03/03,Cagliari,1-0
Udinese,21/03/03,AC Milan,1-1
AS Roma,21/03/03,Fiorentina,1-2
Inter,21/04/03,Parma,1-2
Torino,21/05/18,Lazio,0-0
Benevento,21/06/03,Spezia,1-1
Sassuolo,21/06/03,Udinese,2-0
Lazio,21/06/03,Juventus,3-1
Genoa,21/07/03,AS Roma,1-0
AC Milan,21/07/03,Verona,0-2
Torino,21/07/03,Crotone,4-2
Parma,21/07/03,Fiorentina,3-3
Cagliari,21/07/03,Sampdoria,2-2
Bologna,21/07/03,Napoli,3-1
Atalanta,21/08/03,Inter,1-0
Crotone,21/12/03,Lazio,3-2
Spezia,21/12/03,Atalanta,3-1
Verona,21/03/13,Sassuolo,3-2
Fiorentina,21/03/13,Benevento,1-4
Udinese,21/03/13,Genoa,1-1
Sampdoria,21/03/14,Bologna,3-1
AS Roma,21/03/14,Parma,2-0
Inter,21/03/14,Torino,1-2
Juventus,21/03/14,Cagliari,1-3
Napoli,21/03/14,AC Milan,0-1
Genoa,21/03/19,Parma,1-2
Bologna,21/03/20,Crotone,2-3
Cagliari,21/03/20,Spezia,2-1
Atalanta,21/03/21,Verona,0-2
Torino,21/03/21,Sampdoria,1-0
Lazio,21/03/21,Udinese,0-1
Benevento,21/03/21,Juventus,0-1
AC Milan,21/03/21,Fiorentina,2-3
Napoli,21/03/21,AS Roma,0-2
Sassuolo,21/07/04,Inter,2-1
Sampdoria,21/03/04,AC Milan,1-1
Udinese,21/03/04,Atalanta,3-2
Parma,21/03/04,Benevento,2-2
Fiorentina,21/03/04,Genoa,1-1
Verona,21/03/04,Cagliari,0-2
Spezia,21/03/04,Lazio,2-1
Crotone,21/03/04,Napoli,4-3
AS Roma,21/03/04,Sassuolo,2-2
Juventus,21/03/04,Torino,2-2
Inter,21/03/04,Bologna,0-1
Crotone,21/10/04,Spezia,3-2
AC Milan,21/10/04,Parma,1-3
Torino,21/10/04,Udinese,0-1
Cagliari,21/11/04,Inter,1-0
Lazio,21/11/04,Verona,0-1
Napoli,21/11/04,Sampdoria,0-2
Genoa,21/11/04,Juventus,3-1
Bologna,21/11/04,AS Roma,1-0
Atalanta,21/11/04,Fiorentina,2-3
Sassuolo,21/12/04,Benevento,0-1
Udinese,21/04/17,Crotone,1-2
Verona,21/04/17,Sampdoria,3-1
Fiorentina,21/04/17,Sassuolo,3-1
Parma,21/04/17,Cagliari,4-3
Genoa,21/04/18,AC Milan,2-1
Juventus,21/04/18,Atalanta,1-0
Spezia,21/04/18,Bologna,4-1
Benevento,21/04/18,Lazio,5-3
AS Roma,21/04/18,Torino,3-1
Inter,21/04/18,Napoli,1-1
Fiorentina,21/04/20,Verona,1-2
Sassuolo,21/04/21,AC Milan,1-2
Torino,21/04/21,Bologna,1-1
Benevento,21/04/21,Genoa,2-2
Sampdoria,21/04/21,Crotone,0-1
Inter,21/04/21,Spezia,1-1
Cagliari,21/04/21,Udinese,0-1
Parma,21/04/21,Juventus,3-1
Atalanta,21/04/22,AS Roma,1-1
Lazio,21/04/22,Napoli,5-2
Spezia,21/04/24,Genoa,2-0
Crotone,21/04/24,Parma,3-4
Sampdoria,21/04/24,Sassuolo,1-0
Udinese,21/04/25,Benevento,2-4
Verona,21/04/25,Inter,1-0
Juventus,21/04/25,Fiorentina,1-1
AS Roma,21/04/25,Cagliari,3-2
Bologna,21/04/25,Atalanta,5-0
Napoli,21/04/26,Torino,0-2
AC Milan,21/04/26,Lazio,3-0
Spezia,21/01/05,Verona,1-1
Inter,21/01/05,Crotone,0-2
Benevento,21/01/05,AC Milan,2-0
Genoa,21/02/05,Lazio,4-3
Fiorentina,21/02/05,Bologna,3-3
Cagliari,21/02/05,Napoli,1-1
Atalanta,21/02/05,Sassuolo,1-1
Juventus,21/02/05,Udinese,1-2
AS Roma,21/02/05,Sampdoria,2-0
Parma,21/03/05,Torino,1-0
Napoli,21/08/05,Spezia,1-4
Bologna,21/08/05,Udinese,1-1
Sampdoria,21/08/05,Inter,5-1
Lazio,21/08/05,Fiorentina,2-0
Sassuolo,21/09/05,Genoa,1-2
Cagliari,21/09/05,Benevento,1-3
Torino,21/09/05,Verona,1-1
Atalanta,21/09/05,Parma,2-5
Crotone,21/09/05,AS Roma,5-0
AC Milan,21/09/05,Juventus,0-3
Udinese,21/11/05,Napoli,5-1
Fiorentina,21/12/05,Cagliari,0-0
Benevento,21/12/05,Atalanta,2-0
Genoa,21/12/05,Bologna,0-2
AS Roma,21/12/05,Inter,3-1
Parma,21/12/05,Lazio,1-0
Spezia,21/12/05,Sampdoria,2-2
Juventus,21/12/05,Sassuolo,1-3
AC Milan,21/12/05,Torino,0-7
Verona,21/05/13,Crotone,2-1
Atalanta,21/05/15,Genoa,3-4
Torino,21/05/15,Spezia,4-1
Inter,21/05/15,Juventus,3-2
Lazio,21/05/15,AS Roma,2-0
Napoli,21/05/16,Fiorentina,0-2
Crotone,21/05/16,Benevento,1-1
Sampdoria,21/05/16,Udinese,0-1
Sassuolo,21/05/16,Parma,1-3
Cagliari,21/05/16,AC Milan,0-0
Bologna,21/05/17,Verona,2-2
Genoa,21/05/22,Cagliari,0-1
Fiorentina,21/05/22,Crotone,0-0
Parma,21/05/22,Sampdoria,3-0
Udinese,21/05/23,Inter,5-1
AC Milan,21/05/23,Atalanta,0-2
Juventus,21/05/23,Bologna,1-4
Verona,21/05/23,Napoli,1-1
Lazio,21/05/23,Sassuolo,2-0
AS Roma,21/05/23,Spezia,2-2
Benevento,21/05/23,Torino,1-1
Sassuolo,21/08/21,Verona,2-3
Genoa,21/08/21,Inter,4-0
Atalanta,21/08/21,Torino,1-2
Lazio,21/08/21,Empoli,1-3
Salernitana,21/08/22,Bologna,3-2
Juventus,21/08/22,Udinese,2-2
Venezia,21/08/22,Napoli,2-0
Fiorentina,21/08/22,AS Roma,3-1
Spezia,21/08/23,Cagliari,2-2
AC Milan,21/08/23,Sampdoria,0-1
Venezia,21/08/27,Udinese,3-0
Inter,21/08/27,Verona,1-3
Bologna,21/08/28,Atalanta,0-0
Spezia,21/08/28,Lazio,6-1
Torino,21/08/28,Fiorentina,2-1
Empoli,21/08/28,Juventus,0-1
Napoli,21/08/29,Genoa,1-2
Sampdoria,21/08/29,Sassuolo,0-0
Cagliari,21/08/29,AC Milan,4-1
AS Roma,21/08/29,Salernitana,0-4
Venezia,21/11/09,Empoli,1-2
Juventus,21/11/09,Napoli,2-1
Fiorentina,21/11/09,Atalanta,1-2
Inter,21/12/09,Sampdoria,2-2
Genoa,21/12/09,Cagliari,2-3
Udinese,21/12/09,Spezia,0-1
Salernitana,21/12/09,Torino,4-0
Lazio,21/12/09,AC Milan,2-0
Sassuolo,21/12/09,AS Roma,2-1
Verona,21/09/13,Bologna,1-0
Torino,21/09/17,Sassuolo,0-1
Fiorentina,21/09/18,Genoa,1-2
Bologna,21/09/18,Inter,6-1
Atalanta,21/09/18,Salernitana,0-1
Sampdoria,21/09/19,Empoli,0-3
Spezia,21/09/19,Venezia,1-2
AS Roma,21/09/19,Verona,3-2
Cagliari,21/09/19,Lazio,2-2
AC Milan,21/09/19,Juventus,1-1
Napoli,21/09/20,Udinese,0-4
Genoa,21/09/21,Bologna,2-2
Sassuolo,21/09/21,Atalanta,2-1
Inter,21/09/21,Fiorentina,1-3
Verona,21/09/22,Salernitana,2-2
Juventus,21/09/22,Spezia,2-3
Empoli,21/09/22,Cagliari,0-2
Venezia,21/09/22,AC Milan,2-0
Napoli,21/09/23,Sampdoria,0-4
Lazio,21/09/23,Torino,1-1
Udinese,21/09/23,AS Roma,1-0
AC Milan,21/09/25,Spezia,1-2
Atalanta,21/09/25,Inter,2-2
Verona,21/09/25,Genoa,3-3
Sampdoria,21/09/26,Juventus,3-2
Salernitana,21/09/26,Sassuolo,1-0
Fiorentina,21/09/26,Udinese,0-1
Bologna,21/09/26,Empoli,4-2
AS Roma,21/09/26,Lazio,3-2
Cagliari,21/09/26,Napoli,2-0
Torino,21/09/27,Venezia,1-1
Venezia,21/01/10,Cagliari,1-1
Genoa,21/02/10,Salernitana,1-0
Juventus,21/02/10,Torino,0-1
Inter,21/02/10,Sassuolo,1-2
Lazio,21/03/10,Bologna,3-0
Spezia,21/03/10,Verona,4-0
Udinese,21/03/10,Sampdoria,3-3
Empoli,21/03/10,AS Roma,2-0
Napoli,21/03/10,Fiorentina,1-2
AC Milan,21/03/10,Atalanta,2-3
Salernitana,21/10/16,Spezia,2-1
Inter,21/10/16,Lazio,3-1
Verona,21/10/16,AC Milan,3-2
Sampdoria,21/10/17,Cagliari,3-1
Sassuolo,21/10/17,Genoa,2-2
Bologna,21/10/17,Udinese,1-1
Atalanta,21/10/17,Empoli,1-4
Torino,21/10/17,Napoli,1-0
AS Roma,21/10/17,Juventus,1-0
Fiorentina,21/10/18,Venezia,1-0
Genoa,21/10/22,Torino,3-2
Spezia,21/10/22,Sampdoria,2-1
Empoli,21/10/23,Salernitana,2-4
Venezia,21/10/23,Sassuolo,3-1
AC Milan,21/10/23,Bologna,2-4
Udinese,21/10/24,Atalanta,1-1
Lazio,21/10/24,Verona,4-1
Cagliari,21/10/24,Fiorentina,3-0
Napoli,21/10/24,AS Roma,0-0
Juventus,21/10/24,Inter,1-1
Salernitana,21/10/26,Venezia,1-2
Genoa,21/10/26,Spezia,1-1
Torino,21/10/26,AC Milan,1-0
Atalanta,21/10/27,Sampdoria,1-3
Verona,21/10/27,Udinese,1-1
Sassuolo,21/10/27,Juventus,1-2
AS Roma,21/10/27,Cagliari,1-2
Fiorentina,21/10/27,Lazio,1-0
Inter,21/10/27,Empoli,0-2
Bologna,21/10/28,Napoli,3-0
Lazio,21/10/30,Atalanta,2-2
Juventus,21/10/30,Verona,2-1
Sampdoria,21/10/30,Torino,3-0
Udinese,21/10/31,Inter,2-0
Venezia,21/10/31,Genoa,0-0
Empoli,21/10/31,Sassuolo,1-2
Spezia,21/10/31,Fiorentina,3-0
Napoli,21/10/31,Salernitana,0-1
AC Milan,21/10/31,AS Roma,1-2
Cagliari,21/01/11,Bologna,2-0
Genoa,21/05/11,Empoli,2-2
Torino,21/06/11,Spezia,1-0
Fiorentina,21/06/11,Juventus,1-0
Atalanta,21/06/11,Cagliari,1-2
AS Roma,21/07/11,Venezia,3-2
Bologna,21/07/11,Sampdoria,1-2
Sassuolo,21/07/11,Udinese,3-2
Salernitana,21/07/11,Lazio,3-0
Verona,21/07/11,Napoli,1-1
Inter,21/07/11,AC Milan,1-1
Spezia,21/11/20,Atalanta,5-2
Juventus,21/11/20,Lazio,0-2
AC Milan,21/11/20,Fiorentina,4-3
Cagliari,21/11/21,Sassuolo,2-2
Venezia,21/11/21,Bologna,0-1
Sampdoria,21/11/21,Salernitana,0-2
Napoli,21/11/21,Inter,3-2
AS Roma,21/11/21,Genoa,0-2
Empoli,21/11/22,Verona,2-1
Udinese,21/11/22,Torino,2-1
Salernitana,21/11/26,Cagliari,1-1
Verona,21/11/27,Sampdoria,3-1
Fiorentina,21/11/27,Empoli,2-1
Atalanta,21/11/27,Juventus,0-1
Inter,21/11/27,Venezia,0-2
Genoa,21/11/28,Udinese,0-0
Sassuolo,21/11/28,AC Milan,1-3
Bologna,21/11/28,Spezia,0-1
Torino,21/11/28,AS Roma,1-0
Lazio,21/11/28,Napoli,4-0
Venezia,21/11/30,Atalanta,4-0
Sampdoria,21/11/30,Fiorentina,3-1
Cagliari,21/11/30,Verona,0-0
Juventus,21/11/30,Salernitana,0-2
AS Roma,21/01/12,Bologna,1-0
Spezia,21/01/12,Inter,2-0
AC Milan,21/01/12,Genoa,0-3
Napoli,21/01/12,Sassuolo,2-2
Empoli,21/02/12,Torino,2-2
Udinese,21/02/12,Lazio,4-4
Salernitana,21/04/12,AC Milan,2-0
Inter,21/04/12,AS Roma,0-3
Atalanta,21/04/12,Napoli,2-3
Fiorentina,21/05/12,Bologna,2-3
Verona,21/05/12,Venezia,3-4
Sassuolo,21/05/12,Spezia,2-2
Lazio,21/05/12,Sampdoria,1-3
Genoa,21/05/12,Juventus,2-0
Udinese,21/06/12,Empoli,3-1
Torino,21/06/12,Cagliari,1-1
Sampdoria,21/10/12,Genoa,1-3
Salernitana,21/11/12,Fiorentina,4-0
Juventus,21/11/12,Venezia,1-1
AC Milan,21/11/12,Udinese,1-1
Bologna,21/12/12,Torino,2-1
Atalanta,21/12/12,Verona,1-2
Empoli,21/12/12,Napoli,0-1
Lazio,21/12/12,Sassuolo,2-1
Cagliari,21/12/12,Inter,4-0
Spezia,21/12/13,AS Roma,2-0
Genoa,21/12/17,Lazio,3-1
Inter,21/12/17,Salernitana,0-5
AS Roma,21/12/18,Atalanta,1-4
Juventus,21/12/18,Bologna,0-2
Udinese,21/12/18,Cagliari,0-4
Sassuolo,21/12/19,Fiorentina,2-2
Empoli,21/12/19,Spezia,1-1
Venezia,21/12/19,Sampdoria,1-1
Verona,21/12/19,Torino,1-0
Napoli,21/12/19,AC Milan,0-1
Atalanta,21/12/21,Genoa,0-0
Cagliari,21/12/21,Juventus,2-0
Lazio,21/12/22,Venezia,1-3
Bologna,21/12/22,Sassuolo,0-3
Fiorentina,21/12/22,Verona,1-1
Torino,21/12/22,Inter,1-0
Sampdoria,21/12/22,AS Roma,1-1
Spezia,21/12/22,Napoli,0-1
AC Milan,21/12/22,Empoli,2-4
Salernitana,22/04/20,Udinese,0-1
Cagliari,22/06/01,Sampdoria,1-2
Empoli,22/06/01,Lazio,3-3
Verona,22/06/01,Spezia,1-2
Genoa,22/06/01,Sassuolo,1-1
AS Roma,22/06/01,AC Milan,3-1
Napoli,22/06/01,Juventus,1-1
Udinese,22/04/27,Fiorentina,0-4
Torino,22/04/27,Atalanta,4-4
Inter,22/04/27,Bologna,2-1
Venezia,22/05/05,Salernitana,2-1
AC Milan,22/09/01,Venezia,0-3
Sassuolo,22/09/01,Empoli,1-5
Sampdoria,22/09/01,Napoli,1-0
Atalanta,22/09/01,Udinese,2-6
Spezia,22/09/01,Genoa,0-1
Juventus,22/09/01,AS Roma,3-4
Salernitana,22/09/01,Verona,1-2
Lazio,22/09/01,Inter,2-1
Fiorentina,22/10/01,Torino,4-0
Bologna,22/11/01,Cagliari,2-1
Torino,22/01/15,Sampdoria,1-2
Lazio,22/01/15,Salernitana,0-3
Udinese,22/01/15,Juventus,2-0
Verona,22/01/16,Sassuolo,2-4
Empoli,22/01/16,Venezia,1-1
Cagliari,22/01/16,AS Roma,1-0
Inter,22/01/16,Atalanta,0-0
Napoli,22/01/17,Bologna,0-2
Spezia,22/01/17,AC Milan,1-2
Genoa,22/01/17,Fiorentina,6-0
Bologna,22/01/21,Verona,2-1
Udinese,22/01/22,Genoa,0-0
Venezia,22/01/22,Inter,2-1
Atalanta,22/01/22,Lazio,0-0
Fiorentina,22/01/23,Cagliari,1-1
Salernitana,22/01/23,Napoli,4-1
Sampdoria,22/01/23,Spezia,1-0
Sassuolo,22/01/23,Torino,1-1
AS Roma,22/01/23,Empoli,2-4
Juventus,22/01/23,AC Milan,0-0
Genoa,22/05/02,AS Roma,0-0
AC Milan,22/05/02,Inter,1-2
Lazio,22/05/02,Fiorentina,0-3
Cagliari,22/06/02,Atalanta,1-2
Empoli,22/06/02,Bologna,0-0
Napoli,22/06/02,Venezia,0-2
Sassuolo,22/06/02,Sampdoria,4-0
Torino,22/06/02,Udinese,2-0
Verona,22/06/02,Juventus,2-0
Spezia,22/07/02,Salernitana,2-2
Bologna,22/12/02,Lazio,3-0
Inter,22/12/02,Napoli,1-1
Venezia,22/12/02,Torino,1-2
Sampdoria,22/02/13,AC Milan,1-0
Udinese,22/02/13,Verona,4-0
Salernitana,22/02/13,Genoa,1-1
Cagliari,22/02/13,Empoli,1-1
AS Roma,22/02/13,Sassuolo,2-2
Juventus,22/02/13,Atalanta,1-1
Fiorentina,22/02/14,Spezia,1-2
Torino,22/02/18,Juventus,1-1
Empoli,22/02/19,Sampdoria,2-0
Verona,22/02/19,AS Roma,2-2
AC Milan,22/02/19,Salernitana,2-2
Atalanta,22/02/20,Fiorentina,1-0
Genoa,22/02/20,Venezia,1-1
Sassuolo,22/02/20,Inter,0-2
Lazio,22/02/20,Udinese,1-1
Napoli,22/02/21,Cagliari,1-1
Spezia,22/02/21,Bologna,2-1
Udinese,22/02/25,AC Milan,1-1
Inter,22/02/25,Genoa,0-0
Bologna,22/02/26,Salernitana,1-1
Juventus,22/02/26,Empoli,2-3
Fiorentina,22/02/26,Sassuolo,2-1
Cagliari,22/02/27,Torino,1-2
Venezia,22/02/27,Verona,3-1
AS Roma,22/02/27,Spezia,0-1
Napoli,22/02/27,Lazio,1-2
Sampdoria,22/02/28,Atalanta,4-0
Salernitana,22/04/03,Inter,5-0
Sampdoria,22/05/03,Udinese,2-1
Atalanta,22/05/03,AS Roma,1-0
Lazio,22/05/03,Cagliari,0-3
Empoli,22/06/03,Genoa,0-0
Torino,22/06/03,Bologna,0-0
Sassuolo,22/06/03,Venezia,1-4
Verona,22/06/03,Fiorentina,1-1
Spezia,22/06/03,Juventus,1-0
AC Milan,22/06/03,Napoli,0-1
Sassuolo,22/12/03,Salernitana,2-2
Cagliari,22/12/03,Spezia,2-0
Juventus,22/12/03,Sampdoria,1-3
Empoli,22/12/03,AC Milan,1-0
Bologna,22/03/13,Fiorentina,1-0
Napoli,22/03/13,Verona,1-2
Genoa,22/03/13,Atalanta,0-0
AS Roma,22/03/13,Udinese,1-1
Inter,22/03/13,Torino,1-1
Venezia,22/03/14,Lazio,1-0
Spezia,22/03/18,Sassuolo,4-1
Torino,22/03/18,Genoa,1-0
Udinese,22/03/19,Napoli,2-1
Fiorentina,22/03/19,Inter,1-1
AC Milan,22/03/19,Cagliari,0-1
Sampdoria,22/03/20,Venezia,0-2
Verona,22/03/20,Empoli,1-1
Salernitana,22/03/20,Juventus,2-0
Lazio,22/03/20,AS Roma,3-0
Atalanta,22/03/20,Bologna,0-1
Venezia,22/02/04,Spezia,1-0
Sassuolo,22/02/04,Lazio,2-1
Torino,22/02/04,Salernitana,0-1
Empoli,22/03/04,Fiorentina,1-0
Napoli,22/03/04,Atalanta,1-3
Cagliari,22/03/04,Udinese,5-1
AS Roma,22/03/04,Sampdoria,0-1
Inter,22/03/04,Juventus,0-1
Genoa,22/04/04,Verona,1-0
Bologna,22/04/04,AC Milan,0-0
Spezia,22/09/04,Empoli,0-0
Verona,22/09/04,Inter,2-0
Juventus,22/09/04,Cagliari,1-2
Lazio,22/10/04,Genoa,1-4
Udinese,22/10/04,Venezia,1-2
Fiorentina,22/10/04,Napoli,2-3
Atalanta,22/10/04,Sassuolo,2-1
Salernitana,22/10/04,AS Roma,2-1
AC Milan,22/10/04,Torino,0-0
Sampdoria,22/11/04,Bologna,2-0
Inter,22/04/15,Spezia,1-3
Genoa,22/04/15,AC Milan,2-0
Sassuolo,22/04/16,Cagliari,1-0
Salernitana,22/04/16,Sampdoria,1-2
Empoli,22/04/16,Udinese,4-1
Venezia,22/04/16,Fiorentina,1-0
Bologna,22/04/16,Juventus,1-1
Torino,22/04/16,Lazio,1-1
AS Roma,22/04/18,Napoli,1-1
Verona,22/04/18,Atalanta,1-2
Atalanta,22/04/23,Venezia,1-3
Spezia,22/04/23,Torino,2-1
AS Roma,22/04/23,Inter,3-1
Sampdoria,22/04/23,Verona,1-1
Fiorentina,22/04/24,Salernitana,2-1
Udinese,22/04/24,Bologna,2-2
Napoli,22/04/24,Empoli,3-2
Cagliari,22/04/24,Genoa,1-0
AC Milan,22/04/24,Lazio,1-2
Juventus,22/04/25,Sassuolo,1-2
Verona,22/04/30,Cagliari,1-2
Sassuolo,22/04/30,Napoli,6-1
Genoa,22/04/30,Sampdoria,1-0
Lazio,22/04/30,Spezia,3-4
Venezia,22/01/05,Juventus,2-1
Fiorentina,22/01/05,AC Milan,1-0
Torino,22/01/05,Empoli,1-3
Inter,22/01/05,Udinese,1-2
Bologna,22/01/05,AS Roma,0-0
Salernitana,22/02/05,Atalanta,1-1
Empoli,22/06/05,Inter,4-2
Juventus,22/06/05,Genoa,2-1
Napoli,22/07/05,Torino,0-1
Udinese,22/07/05,Sassuolo,1-1
Sampdoria,22/07/05,Lazio,2-0
Atalanta,22/08/05,Spezia,1-3
Bologna,22/08/05,Venezia,4-3
Cagliari,22/08/05,Salernitana,1-1
AC Milan,22/08/05,Verona,1-3
AS Roma,22/09/05,Fiorentina,2-0
Salernitana,22/05/14,Empoli,1-1
Torino,22/05/14,Verona,0-1
Spezia,22/05/14,Udinese,2-3
Venezia,22/05/14,AS Roma,1-1
Sassuolo,22/05/15,Bologna,1-3
Genoa,22/05/15,Napoli,3-0
Atalanta,22/05/15,AC Milan,2-0
Inter,22/05/15,Cagliari,1-3
Fiorentina,22/05/16,Sampdoria,4-1
Lazio,22/05/16,Juventus,2-2
AS Roma,22/05/20,Torino,0-3
Bologna,22/05/21,Genoa,0-1
Empoli,22/05/21,Atalanta,0-1
Verona,22/05/21,Lazio,3-3
Juventus,22/05/21,Fiorentina,2-0
Napoli,22/05/22,Spezia,0-3
Sampdoria,22/05/22,Inter,3-0
AC Milan,22/05/22,Sassuolo,0-3
Cagliari,22/05/22,Venezia,0-0
Udinese,22/05/22,Salernitana,0-4
Udinese,22/08/13,AC Milan,4-2
Atalanta,22/08/13,Sampdoria,0-2
Inter,22/08/13,Lecce,1-2
Torino,22/08/13,Monza,1-2
Cremonese,22/08/14,Fiorentina,3-2
Bologna,22/08/14,Lazio,2-1
AS Roma,22/08/14,Salernitana,0-1
Empoli,22/08/14,Spezia,1-0
Napoli,22/08/15,Verona,2-5
Sassuolo,22/08/15,Juventus,3-0
Lazio,22/08/20,Torino,0-0
Salernitana,22/08/20,Udinese,0-0
Spezia,22/08/20,Inter,3-0
Lecce,22/08/20,Sassuolo,1-0
Fiorentina,22/08/21,Empoli,0-0
Monza,22/08/21,Napoli,4-0
AC Milan,22/08/21,Atalanta,1-1
Verona,22/08/21,Bologna,1-1
Cremonese,22/08/22,AS Roma,1-0
Juventus,22/08/22,Sampdoria,0-0
Udinese,22/08/26,Monza,1-2
Inter,22/08/26,Lazio,3-1
Torino,22/08/27,Cremonese,1-2
AS Roma,22/08/27,Juventus,1-1
Bologna,22/08/27,AC Milan,2-0
Sassuolo,22/08/27,Spezia,2-2
Atalanta,22/08/28,Verona,0-1
Sampdoria,22/08/28,Salernitana,4-0
Napoli,22/08/28,Fiorentina,0-0
Empoli,22/08/28,Lecce,1-1
AC Milan,22/08/30,Sassuolo,0-0
Cremonese,22/08/30,Inter,3-1
Monza,22/08/30,AS Roma,3-0
Verona,22/08/31,Empoli,1-1
Lazio,22/08/31,Sampdoria,1-1
Fiorentina,22/08/31,Udinese,1-0
Spezia,22/08/31,Juventus,2-0
Lecce,22/08/31,Napoli,1-1
Torino,22/01/09,Atalanta,3-1
Salernitana,22/01/09,Bologna,1-1
Juventus,22/03/09,Fiorentina,1-1
Inter,22/03/09,AC Milan,3-2
Napoli,22/03/09,Lazio,1-2
Sassuolo,22/04/09,Cremonese,0-0
Bologna,22/04/09,Spezia,2-2
Sampdoria,22/04/09,Verona,2-1
AS Roma,22/04/09,Udinese,4-0
Atalanta,22/05/09,Monza,0-2
Empoli,22/05/09,Salernitana,2-2
Lecce,22/05/09,Torino,1-0
Spezia,22/10/09,Napoli,1-0
Torino,22/10/09,Inter,1-0
AC Milan,22/10/09,Sampdoria,1-2
Cremonese,22/11/09,Atalanta,1-1
Fiorentina,22/11/09,Bologna,2-1
Monza,22/11/09,Lecce,1-1
Udinese,22/11/09,Sassuolo,1-3
Verona,22/11/09,Lazio,2-0
Salernitana,22/11/09,Juventus,2-2
AS Roma,22/12/09,Empoli,1-2
Lecce,22/09/16,Salernitana,1-2
Empoli,22/09/17,Bologna,0-1
Sampdoria,22/09/17,Spezia,2-1
Sassuolo,22/09/17,Torino,0-1
Inter,22/09/18,Udinese,3-1
Lazio,22/09/18,Cremonese,0-4
Verona,22/09/18,Fiorentina,2-0
Juventus,22/09/18,Monza,1-0
Atalanta,22/09/18,AS Roma,0-1
Napoli,22/09/18,AC Milan,1-2
Torino,22/01/10,Napoli,3-1
AS Roma,22/01/10,Inter,1-2
AC Milan,22/01/10,Empoli,1-3
Spezia,22/02/10,Lazio,4-0
Cremonese,22/02/10,Lecce,1-1
Monza,22/02/10,Sampdoria,0-3
Salernitana,22/02/10,Sassuolo,5-0
Fiorentina,22/02/10,Atalanta,1-0
Bologna,22/02/10,Juventus,3-0
Udinese,22/03/10,Verona,1-2
